{"cameraMode":{"drawMode":0,"name":"Shaded","section":"Shading Mode"},"sceneLighting":true,"audioPlay":false,"sceneViewState":{"showFog":true,"showMaterialUpdate":false,"showSkybox":true,"showFlares":true,"showImageEffects":true,"showParticleSystems":true},"in2DMode":false,"pivot":{"x":-5.979764461517334,"y":1.9901657104492188,"z":-0.8618221282958984},"rotation":{"x":0.05374119058251381,"y":0.9379509687423706,"z":-0.29786819219589236,"w":0.1692253202199936},"size":19.275177001953126,"orthographic":false}